CDR3,count,relative.frequency
CAKLSPPDYW,769,0.9948253557567918
CLSSSANAESAVWLFSYW,2,0.00258732212160414
CVRGGPESRFLEWSGVSGFDVW,2,0.00258732212160414
