CDR3,count,relative.frequency
CAKDVGGSVTDRRRGFDYW,2,0.00909090909090909
CARGGYFDWLLSFDYW,4,0.01818181818181818
CARGLKWELRDVNWFDPW,3,0.013636363636363636
CARLHQPTTVRNCFDPW,3,0.013636363636363636
CARPMVRGVIFNWFDPW,4,0.01818181818181818
CASSGYKDYYFDYW,9,0.04090909090909091
CATYQILVSKKKKNWFQFW,2,0.00909090909090909
CDACLSLPRIPSRLPPAFWIW,2,0.00909090909090909
CGRDKLGILDYW,3,0.013636363636363636
CGRGTHYSDYIDFW,168,0.7636363636363637
CLQSTVECLILLFPSEPKTDYW,2,0.00909090909090909
CSDGSCYWGWFDPW,5,0.022727272727272728
CTTRQWDFNSGNYDFDFW,2,0.00909090909090909
CVRATGTYFPFDYW,7,0.031818181818181815
CVRDRTPSILIGYSPFDYW,2,0.00909090909090909
CVWAEIGTVSLCDTFDMW,2,0.00909090909090909
