CDR3,count,relative.frequency
CAKSAEVIFGVHTNNWFDPW,3,0.02631578947368421
CARDFTRGQILWGYYDYAMDVW,4,0.03508771929824561
CARDGSVGPTFYWVDPW,6,0.05263157894736842
CARDNPRWVVVFAFDYW,4,0.03508771929824561
CARLPGYSSGWFWYFDNW,56,0.49122807017543857
CARVGGSSGYYRDAFDIW,27,0.23684210526315788
CQVWDRTDLGAF,9,0.07894736842105263
CTRVSGRPHFAFDLW,5,0.043859649122807015
