CDR3,count,relative.frequency
CAKRAYYDFWSGYYPIDYW,2,0.002509410288582183
CAKTRSPLRFLEWLLLNWFDPW,2,0.002509410288582183
CARDPFEDSGDYGWAFDIW,2,0.002509410288582183
CARDRGPYSGRSYYYYMDVW,3,0.0037641154328732747
CARDRLGIQDAFDFW,3,0.0037641154328732747
CARGSGWELLGGVGYFDFW,3,0.0037641154328732747
CARGSSSLLGDYFDYW,2,0.002509410288582183
CARQREYQLLPYYYYYYYMDVW,2,0.002509410288582183
CARRRLYGPFDSW,2,0.002509410288582183
CGKNRDYNILTAYIDYW,776,0.973651191969887
