CDR3,count,relative.frequency
CAGLWRDVRAFDSW,9,0.2903225806451613
CAKDGGTSWYYFDYW,4,0.12903225806451613
CARDSSGTYFMDVW,2,0.06451612903225806
CARGNGHIDYW,2,0.06451612903225806
CARHRPRVGYSVGFDYW,5,0.16129032258064516
CARHSEIAAGAFDIW,2,0.06451612903225806
CLQLGILGFCRIFGHGNWFDPW,2,0.06451612903225806
CVKDRVRWAYQYDSSGPGNWYDPW,3,0.0967741935483871
CVRSTSADYW,2,0.06451612903225806
