CDR3,count,relative.frequency
CARGYWVVGATDAFDIW,2,0.2222222222222222
CARRRLGRGGYSKDFDYW,2,0.2222222222222222
CCAYAGTDTLRLF,2,0.2222222222222222
CLQPLTWGGLCFGEREVFDAW,3,0.3333333333333333
