CDR3,count,relative.frequency
CNGDTCYAEDYW,2,0.0004375410194705754
CVGRSGCNGDRCYAEDYW,4393,0.9610588492671188
CYAEDYW,176,0.03850360971341063
