CDR3,count,relative.frequency
CAKAYSSSWSGYFDHW,5,0.0035014005602240898
CAKDRPRGLLEPTASVFDSW,7,0.004901960784313725
CARAEWYSSSWGPGYYFDFW,5,0.0035014005602240898
CARAQVPARYYNWLDPW,9,0.0063025210084033615
CARAWTSGAYYWVRPDALDLW,2,0.0014005602240896359
CARDELRVPTVIDSYYYYMDVW,2,0.0014005602240896359
CARDGITMTEGRVFDMW,2,0.0014005602240896359
CARDGPSPGGFSGLIDYW,4,0.0028011204481792717
CARDLTGNWYFDLW,2,0.0014005602240896359
CARDPVEIGVRAFDYW,2,0.0014005602240896359
CARDQPIVVRGTGEFPDYW,2,0.0014005602240896359
CARDRPSHYDSGGYHMGWFDPW,3,0.0021008403361344537
CARDTTWGYFDHW,10,0.0070028011204481795
CAREGVTAMVRGADDAFDIW,2,0.0014005602240896359
CAREPSISGLVGDDGFDVW,2,0.0014005602240896359
CARERGVGATLGWFDPW,2,0.0014005602240896359
CARGEGAYMVRGVYFDFW,2,0.0014005602240896359
CARGFKYW,251,0.17577030812324929
CARGHIVFGSDAMRAFDAFDIW,8,0.0056022408963585435
CARGKSSSWYYIGFDSW,3,0.0021008403361344537
CARGPLSGGSCYCRGFDIW,4,0.0028011204481792717
CARGPRYTTPSYFYYYAMDVW,2,0.0014005602240896359
CARMDDFGDYIDYW,3,0.0021008403361344537
CARQGRYGDYPRFDYW,9,0.0063025210084033615
CARRVFNYYYYMDVW,2,0.0014005602240896359
CARSPDYGETFDFW,5,0.0035014005602240898
CARVPSSHPIFDRW,6,0.004201680672268907
CARVSGRFGAFDFW,11,0.007703081232492998
CASPGSSMAGRRFYYFDHW,6,0.004201680672268907
CATDRAHRSTTVTTGFSYW,13,0.009103641456582634
CCSYAGTYTWVF,15,0.01050420168067227
CDSDTCYTAEYFRHW,4,0.0028011204481792717
CLQNFSVPYSF,996,0.6974789915966386
CQSDGRGNWIF,2,0.0014005602240896359
CSSYRSLTTRVF,2,0.0014005602240896359
CTFTFGGVLDYW,4,0.0028011204481792717
CTRQGNSQFGEFTHFDPW,6,0.004201680672268907
CVRAGRGGQNWFEPW,3,0.0021008403361344537
CVREAYSPYSLWSYFDFW,10,0.0070028011204481795
