CDR3,count,relative.frequency
CALGTYKYGDFYFDSW,2,0.0014005602240896359
CAPSSREHQVPTGTTYYFDYW,2,0.0014005602240896359
CARDKPGDSYSGVDYW,3,0.0021008403361344537
CARDQTPLLRIAAAGTFVFDIW,2,0.0014005602240896359
CARDRRDGYNEGPIFGEYSFDSW,7,0.004901960784313725
CARERGSQDFCRRTSCHPFDPW,2,0.0014005602240896359
CARGQSYGYLINLWFAPW,2,0.0014005602240896359
CARHTYCGSTSCYQRPVFDPW,3,0.0021008403361344537
CARLLPTSGAFDVW,5,0.0035014005602240898
CARNSRLVNEVRGAVDYW,2,0.0014005602240896359
CARSAGGVSQLQLHGAFDIW,4,0.0028011204481792717
CARVVVVDGRKILNAFDLW,4,0.0028011204481792717
CASMSTVVNTGYFRRW,5,0.0035014005602240898
CATFPSARRQFDYW,2,0.0014005602240896359
CATSMKGYYYYMDVW,4,0.0028011204481792717
CIRARANAFDIW,2,0.0014005602240896359
CMQRYHDVISSF,7,0.004901960784313725
CQQYDRSRGNTFDF,6,0.004201680672268907
CRAGGQRGQRFRGGPGVSGFDVW,2,0.0014005602240896359
CVRDHNWAFDYW,4,0.0028011204481792717
CVRGGPESRFLEWSGVSGFDVW,1350,0.9453781512605042
CVRGHFGGNAIGLDYW,5,0.0035014005602240898
CVRTPVLRFLEWCDYW,3,0.0021008403361344537
