CDR3,count,relative.frequency
CARDFRARHEGTELPRLSWEDSW,2,0.002207505518763797
CAREGETVVNAFDIW,2,0.002207505518763797
CARIGNSPDVWIDYW,893,0.9856512141280354
CARPDEVVRYFDWLPRDFRYW,2,0.002207505518763797
CSTRDYSLNSWVF,7,0.00772626931567329
