Chain type,The same individuals,Different individuals
 IGH,1.523003075,0.1
IGK,13.9365281,8.166529679
IGL,5.396147305,2.448782517